<?xml version="1.0" encoding="UTF-8"?>
<project-private xmlns="http://www.netbeans.org/ns/project-private/1">
    <editor-bookmarks xmlns="http://www.netbeans.org/ns/editor-bookmarks/2" lastBookmarkId="0"/>
    <open-files xmlns="http://www.netbeans.org/ns/projectui-open-files/2">
        <group>
            <file>file:/D:/Escritorio/PROYECTO%20ANALISIS%20II/PROYECTO_CABEZA_ALGODON/src/proyecto_cabeza_algodon/Paciente.java</file>
            <file>file:/D:/Escritorio/PROYECTO%20ANALISIS%20II/PROYECTO_CABEZA_ALGODON/src/proyecto_cabeza_algodon/Ficha_Paciente.java</file>
        </group>
    </open-files>
</project-private>
